"TotalEnvSteps","env_id: Ant-v4 - _step","env_id: Ant-v4 - _step__MIN","env_id: Ant-v4 - _step__MAX","env_id: Ant-v4 - Metrics/EpCost","env_id: Ant-v4 - Metrics/EpCost__MIN","env_id: Ant-v4 - Metrics/EpCost__MAX","env_id: Walker2d-v4 - _step","env_id: Walker2d-v4 - _step__MIN","env_id: Walker2d-v4 - _step__MAX","env_id: Walker2d-v4 - Metrics/EpCost","env_id: Walker2d-v4 - Metrics/EpCost__MIN","env_id: Walker2d-v4 - Metrics/EpCost__MAX","env_id: Hopper-v4 - _step","env_id: Hopper-v4 - _step__MIN","env_id: Hopper-v4 - _step__MAX","env_id: Hopper-v4 - Metrics/EpCost","env_id: Hopper-v4 - Metrics/EpCost__MIN","env_id: Hopper-v4 - Metrics/EpCost__MAX"
"20000","0","0","0","0.9800000190734863","0.9800000190734863","0.9800000190734863","0","0","0","1","1","1","0","0","0","1","1","1"
"40000","1","1","1","0.9200000166893005","0.9200000166893005","0.9200000166893005","1","1","1","1","1","1","1","1","1","1","1","1"
"60000","2","2","2","0.9599999785423279","0.9599999785423279","0.9599999785423279","2","2","2","1","1","1","2","2","2","1","1","1"
"80000","3","3","3","0.9599999785423279","0.9599999785423279","0.9599999785423279","3","3","3","1","1","1","3","3","3","1","1","1"
"100000","4","4","4","0.9200000166893005","0.9200000166893005","0.9200000166893005","4","4","4","1","1","1","4","4","4","1","1","1"
"120000","5","5","5","0.9800000190734863","0.9800000190734863","0.9800000190734863","5","5","5","1","1","1","5","5","5","1","1","1"
"140000","6","6","6","0.8999999761581421","0.8999999761581421","0.8999999761581421","6","6","6","1","1","1","6","6","6","1","1","1"
"160000","7","7","7","0.9800000190734863","0.9800000190734863","0.9800000190734863","7","7","7","1","1","1","7","7","7","1","1","1"
"180000","8","8","8","0.9800000190734863","0.9800000190734863","0.9800000190734863","8","8","8","1","1","1","8","8","8","1","1","1"
"200000","9","9","9","0.9800000190734863","0.9800000190734863","0.9800000190734863","9","9","9","1","1","1","9","9","9","1","1","1"
"220000","10","10","10","0.9599999785423279","0.9599999785423279","0.9599999785423279","10","10","10","1","1","1","10","10","10","1","1","1"
"240000","11","11","11","0.9200000166893005","0.9200000166893005","0.9200000166893005","11","11","11","1","1","1","11","11","11","1","1","1"
"260000","12","12","12","0.9200000166893005","0.9200000166893005","0.9200000166893005","12","12","12","1","1","1","12","12","12","1","1","1"
"280000","13","13","13","0.9800000190734863","0.9800000190734863","0.9800000190734863","13","13","13","1","1","1","13","13","13","1","1","1"
"300000","14","14","14","0.9599999785423279","0.9599999785423279","0.9599999785423279","14","14","14","1","1","1","14","14","14","1","1","1"
"320000","15","15","15","0.8999999761581421","0.8999999761581421","0.8999999761581421","15","15","15","1","1","1","15","15","15","1","1","1"
"340000","16","16","16","1","1","1","16","16","16","1","1","1","16","16","16","1","1","1"
"360000","17","17","17","0.9599999785423279","0.9599999785423279","0.9599999785423279","17","17","17","1","1","1","17","17","17","1","1","1"
"380000","18","18","18","0.9800000190734863","0.9800000190734863","0.9800000190734863","18","18","18","1","1","1","18","18","18","1","1","1"
"400000","19","19","19","0.9800000190734863","0.9800000190734863","0.9800000190734863","19","19","19","1","1","1","19","19","19","1","1","1"
"420000","20","20","20","0.9800000190734863","0.9800000190734863","0.9800000190734863","20","20","20","1","1","1","20","20","20","1","1","1"
"440000","21","21","21","1","1","1","21","21","21","1","1","1","21","21","21","1","1","1"
"460000","22","22","22","0.9800000190734863","0.9800000190734863","0.9800000190734863","22","22","22","1","1","1","22","22","22","1","1","1"
"480000","23","23","23","0.9399999976158142","0.9399999976158142","0.9399999976158142","23","23","23","1","1","1","23","23","23","1","1","1"
"500000","24","24","24","1","1","1","24","24","24","1","1","1","24","24","24","1","1","1"
"520000","25","25","25","0.9599999785423279","0.9599999785423279","0.9599999785423279","25","25","25","1","1","1","25","25","25","1","1","1"
"540000","26","26","26","0.9800000190734863","0.9800000190734863","0.9800000190734863","26","26","26","1","1","1","26","26","26","1","1","1"
"560000","27","27","27","1","1","1","27","27","27","1","1","1","27","27","27","1","1","1"
"580000","28","28","28","0.9599999785423279","0.9599999785423279","0.9599999785423279","28","28","28","1","1","1","28","28","28","1","1","1"
"600000","29","29","29","0.9200000166893005","0.9200000166893005","0.9200000166893005","29","29","29","1","1","1","29","29","29","1","1","1"
"620000","30","30","30","0.9800000190734863","0.9800000190734863","0.9800000190734863","30","30","30","1","1","1","30","30","30","1","1","1"
"640000","31","31","31","1","1","1","31","31","31","1","1","1","31","31","31","1","1","1"
"660000","32","32","32","0.9399999976158142","0.9399999976158142","0.9399999976158142","32","32","32","1","1","1","32","32","32","1","1","1"
"680000","33","33","33","1","1","1","33","33","33","1","1","1","33","33","33","1","1","1"
"700000","34","34","34","1","1","1","34","34","34","1","1","1","34","34","34","1","1","1"
"720000","35","35","35","0.9800000190734863","0.9800000190734863","0.9800000190734863","35","35","35","1","1","1","35","35","35","1","1","1"
"740000","36","36","36","0.9800000190734863","0.9800000190734863","0.9800000190734863","36","36","36","1","1","1","36","36","36","1","1","1"
"760000","37","37","37","0.9800000190734863","0.9800000190734863","0.9800000190734863","37","37","37","1","1","1","37","37","37","1","1","1"
"780000","38","38","38","0.9800000190734863","0.9800000190734863","0.9800000190734863","38","38","38","1","1","1","38","38","38","1","1","1"
"800000","39","39","39","0.9399999976158142","0.9399999976158142","0.9399999976158142","39","39","39","1","1","1","39","39","39","1","1","1"
"820000","40","40","40","1","1","1","40","40","40","1","1","1","40","40","40","1","1","1"
"840000","41","41","41","0.9399999976158142","0.9399999976158142","0.9399999976158142","41","41","41","1","1","1","41","41","41","1","1","1"
"860000","42","42","42","0.9599999785423279","0.9599999785423279","0.9599999785423279","42","42","42","1","1","1","42","42","42","1","1","1"
"880000","43","43","43","0.9800000190734863","0.9800000190734863","0.9800000190734863","43","43","43","1","1","1","43","43","43","1","1","1"
"900000","44","44","44","1","1","1","44","44","44","1","1","1","44","44","44","1","1","1"
"920000","45","45","45","0.9200000166893005","0.9200000166893005","0.9200000166893005","45","45","45","1","1","1","45","45","45","1","1","1"
"940000","46","46","46","1","1","1","46","46","46","1","1","1","46","46","46","1","1","1"
"960000","47","47","47","0.9800000190734863","0.9800000190734863","0.9800000190734863","47","47","47","1","1","1","47","47","47","1","1","1"
"980000","48","48","48","0.8999999761581421","0.8999999761581421","0.8999999761581421","48","48","48","1","1","1","48","48","48","1","1","1"
"1000000","49","49","49","0.8399999737739563","0.8399999737739563","0.8399999737739563","49","49","49","1","1","1","49","49","49","1","1","1"
"1020000","50","50","50","0.9599999785423279","0.9599999785423279","0.9599999785423279","50","50","50","1","1","1","50","50","50","1","1","1"
"1040000","51","51","51","0.9800000190734863","0.9800000190734863","0.9800000190734863","51","51","51","1","1","1","51","51","51","1","1","1"
"1060000","52","52","52","0.9399999976158142","0.9399999976158142","0.9399999976158142","52","52","52","1","1","1","52","52","52","1","1","1"
"1080000","53","53","53","0.9200000166893005","0.9200000166893005","0.9200000166893005","53","53","53","1","1","1","53","53","53","1","1","1"
"1100000","54","54","54","0.8799999952316284","0.8799999952316284","0.8799999952316284","54","54","54","1","1","1","54","54","54","1","1","1"
"1120000","55","55","55","0.8600000143051147","0.8600000143051147","0.8600000143051147","55","55","55","1","1","1","55","55","55","1","1","1"
"1140000","56","56","56","0.9200000166893005","0.9200000166893005","0.9200000166893005","56","56","56","1","1","1","56","56","56","1","1","1"
"1160000","57","57","57","0.8199999928474426","0.8199999928474426","0.8199999928474426","57","57","57","1","1","1","57","57","57","1","1","1"
"1180000","58","58","58","0.9399999976158142","0.9399999976158142","0.9399999976158142","58","58","58","1","1","1","58","58","58","1","1","1"
"1200000","59","59","59","0.8799999952316284","0.8799999952316284","0.8799999952316284","59","59","59","1","1","1","59","59","59","1","1","1"
"1220000","60","60","60","0.9599999785423279","0.9599999785423279","0.9599999785423279","60","60","60","1","1","1","60","60","60","1","1","1"
"1240000","61","61","61","0.8399999737739563","0.8399999737739563","0.8399999737739563","61","61","61","1","1","1","61","61","61","1","1","1"
"1260000","62","62","62","0.7799999713897705","0.7799999713897705","0.7799999713897705","62","62","62","1","1","1","62","62","62","1","1","1"
"1280000","63","63","63","0.8799999952316284","0.8799999952316284","0.8799999952316284","63","63","63","1","1","1","63","63","63","1","1","1"
"1300000","64","64","64","0.8799999952316284","0.8799999952316284","0.8799999952316284","64","64","64","1","1","1","64","64","64","1","1","1"
"1320000","65","65","65","0.7799999713897705","0.7799999713897705","0.7799999713897705","65","65","65","1","1","1","65","65","65","1","1","1"
"1340000","66","66","66","0.7400000095367432","0.7400000095367432","0.7400000095367432","66","66","66","1","1","1","66","66","66","1","1","1"
"1360000","67","67","67","0.8399999737739563","0.8399999737739563","0.8399999737739563","67","67","67","1","1","1","67","67","67","1","1","1"
"1380000","68","68","68","0.7599999904632568","0.7599999904632568","0.7599999904632568","68","68","68","1","1","1","68","68","68","1","1","1"
"1400000","69","69","69","0.7400000095367432","0.7400000095367432","0.7400000095367432","69","69","69","1","1","1","69","69","69","1","1","1"
"1420000","70","70","70","0.7799999713897705","0.7799999713897705","0.7799999713897705","70","70","70","0.9800000190734863","0.9800000190734863","0.9800000190734863","70","70","70","1","1","1"
"1440000","71","71","71","0.800000011920929","0.800000011920929","0.800000011920929","71","71","71","1","1","1","71","71","71","1","1","1"
"1460000","72","72","72","0.7400000095367432","0.7400000095367432","0.7400000095367432","72","72","72","0.9200000166893005","0.9200000166893005","0.9200000166893005","72","72","72","1","1","1"
"1480000","73","73","73","0.7799999713897705","0.7799999713897705","0.7799999713897705","73","73","73","0.9800000190734863","0.9800000190734863","0.9800000190734863","73","73","73","1","1","1"
"1500000","74","74","74","0.6200000047683716","0.6200000047683716","0.6200000047683716","74","74","74","0.9200000166893005","0.9200000166893005","0.9200000166893005","74","74","74","1","1","1"
"1520000","75","75","75","0.5400000214576721","0.5400000214576721","0.5400000214576721","75","75","75","0.8799999952316284","0.8799999952316284","0.8799999952316284","75","75","75","1","1","1"
"1540000","76","76","76","0.6399999856948853","0.6399999856948853","0.6399999856948853","76","76","76","0.9399999976158142","0.9399999976158142","0.9399999976158142","76","76","76","1","1","1"
"1560000","77","77","77","0.7400000095367432","0.7400000095367432","0.7400000095367432","77","77","77","0.9399999976158142","0.9399999976158142","0.9399999976158142","77","77","77","1","1","1"
"1580000","78","78","78","0.5799999833106995","0.5799999833106995","0.5799999833106995","78","78","78","0.8799999952316284","0.8799999952316284","0.8799999952316284","78","78","78","1","1","1"
"1600000","79","79","79","0.5600000023841858","0.5600000023841858","0.5600000023841858","79","79","79","0.800000011920929","0.800000011920929","0.800000011920929","79","79","79","1","1","1"
"1620000","80","80","80","0.6000000238418579","0.6000000238418579","0.6000000238418579","80","80","80","0.6600000262260437","0.6600000262260437","0.6600000262260437","80","80","80","1","1","1"
"1640000","81","81","81","0.6200000047683716","0.6200000047683716","0.6200000047683716","81","81","81","0.6200000047683716","0.6200000047683716","0.6200000047683716","81","81","81","1","1","1"
"1660000","82","82","82","0.6000000238418579","0.6000000238418579","0.6000000238418579","82","82","82","0.6600000262260437","0.6600000262260437","0.6600000262260437","82","82","82","1","1","1"
"1680000","83","83","83","0.6399999856948853","0.6399999856948853","0.6399999856948853","83","83","83","0.7799999713897705","0.7799999713897705","0.7799999713897705","83","83","83","1","1","1"
"1700000","84","84","84","0.6200000047683716","0.6200000047683716","0.6200000047683716","84","84","84","0.6800000071525574","0.6800000071525574","0.6800000071525574","84","84","84","1","1","1"
"1720000","85","85","85","0.6399999856948853","0.6399999856948853","0.6399999856948853","85","85","85","0.5799999833106995","0.5799999833106995","0.5799999833106995","85","85","85","1","1","1"
"1740000","86","86","86","0.5799999833106995","0.5799999833106995","0.5799999833106995","86","86","86","0.5400000214576721","0.5400000214576721","0.5400000214576721","86","86","86","1","1","1"
"1760000","87","87","87","0.5600000023841858","0.5600000023841858","0.5600000023841858","87","87","87","0.5799999833106995","0.5799999833106995","0.5799999833106995","87","87","87","1","1","1"
"1780000","88","88","88","0.5600000023841858","0.5600000023841858","0.5600000023841858","88","88","88","0.5799999833106995","0.5799999833106995","0.5799999833106995","88","88","88","1","1","1"
"1800000","89","89","89","0.5799999833106995","0.5799999833106995","0.5799999833106995","89","89","89","0.6000000238418579","0.6000000238418579","0.6000000238418579","89","89","89","1","1","1"
"1820000","90","90","90","0.5799999833106995","0.5799999833106995","0.5799999833106995","90","90","90","0.6600000262260437","0.6600000262260437","0.6600000262260437","90","90","90","1","1","1"
"1840000","91","91","91","0.47999998927116394","0.47999998927116394","0.47999998927116394","91","91","91","0.5400000214576721","0.5400000214576721","0.5400000214576721","91","91","91","1","1","1"
"1860000","92","92","92","0.4000000059604645","0.4000000059604645","0.4000000059604645","92","92","92","0.5","0.5","0.5","92","92","92","1","1","1"
"1880000","93","93","93","0.47999998927116394","0.47999998927116394","0.47999998927116394","93","93","93","0.5","0.5","0.5","93","93","93","1","1","1"
"1900000","94","94","94","0.6200000047683716","0.6200000047683716","0.6200000047683716","94","94","94","0.4000000059604645","0.4000000059604645","0.4000000059604645","94","94","94","1","1","1"
"1920000","95","95","95","0.5400000214576721","0.5400000214576721","0.5400000214576721","95","95","95","0.3799999952316284","0.3799999952316284","0.3799999952316284","95","95","95","1","1","1"
"1940000","96","96","96","0.41999998688697815","0.41999998688697815","0.41999998688697815","96","96","96","0.41999998688697815","0.41999998688697815","0.41999998688697815","96","96","96","1","1","1"
"1960000","97","97","97","0.3400000035762787","0.3400000035762787","0.3400000035762787","97","97","97","0.3199999928474426","0.3199999928474426","0.3199999928474426","97","97","97","1","1","1"
"1980000","98","98","98","0.3799999952316284","0.3799999952316284","0.3799999952316284","98","98","98","0.3199999928474426","0.3199999928474426","0.3199999928474426","98","98","98","1","1","1"
"2000000","99","99","99","0.4399999976158142","0.4399999976158142","0.4399999976158142","99","99","99","0.41999998688697815","0.41999998688697815","0.41999998688697815","99","99","99","1","1","1"
"2020000","100","100","100","0.47999998927116394","0.47999998927116394","0.47999998927116394","100","100","100","0.5199999809265137","0.5199999809265137","0.5199999809265137","100","100","100","1","1","1"
"2040000","101","101","101","0.41999998688697815","0.41999998688697815","0.41999998688697815","101","101","101","0.47999998927116394","0.47999998927116394","0.47999998927116394","101","101","101","1","1","1"
"2060000","102","102","102","0.36000001430511475","0.36000001430511475","0.36000001430511475","102","102","102","0.41999998688697815","0.41999998688697815","0.41999998688697815","102","102","102","1","1","1"
"2080000","103","103","103","0.41999998688697815","0.41999998688697815","0.41999998688697815","103","103","103","0.4399999976158142","0.4399999976158142","0.4399999976158142","103","103","103","1","1","1"
"2100000","104","104","104","0.3400000035762787","0.3400000035762787","0.3400000035762787","104","104","104","0.4399999976158142","0.4399999976158142","0.4399999976158142","104","104","104","1","1","1"
"2120000","105","105","105","0.30000001192092896","0.30000001192092896","0.30000001192092896","105","105","105","0.47999998927116394","0.47999998927116394","0.47999998927116394","105","105","105","1","1","1"
"2140000","106","106","106","0.41999998688697815","0.41999998688697815","0.41999998688697815","106","106","106","0.5","0.5","0.5","106","106","106","1","1","1"
"2160000","107","107","107","0.47999998927116394","0.47999998927116394","0.47999998927116394","107","107","107","0.7400000095367432","0.7400000095367432","0.7400000095367432","107","107","107","1","1","1"
"2180000","108","108","108","0.3799999952316284","0.3799999952316284","0.3799999952316284","108","108","108","0.7400000095367432","0.7400000095367432","0.7400000095367432","108","108","108","1","1","1"
"2200000","109","109","109","0.2800000011920929","0.2800000011920929","0.2800000011920929","109","109","109","0.6200000047683716","0.6200000047683716","0.6200000047683716","109","109","109","1","1","1"
"2220000","110","110","110","0.23999999463558197","0.23999999463558197","0.23999999463558197","110","110","110","0.7400000095367432","0.7400000095367432","0.7400000095367432","110","110","110","1","1","1"
"2240000","111","111","111","0.1599999964237213","0.1599999964237213","0.1599999964237213","111","111","111","0.6800000071525574","0.6800000071525574","0.6800000071525574","111","111","111","1","1","1"
"2260000","112","112","112","0.3199999928474426","0.3199999928474426","0.3199999928474426","112","112","112","0.699999988079071","0.699999988079071","0.699999988079071","112","112","112","1","1","1"
"2280000","113","113","113","0.41999998688697815","0.41999998688697815","0.41999998688697815","113","113","113","0.6399999856948853","0.6399999856948853","0.6399999856948853","113","113","113","1","1","1"
"2300000","114","114","114","0.41999998688697815","0.41999998688697815","0.41999998688697815","114","114","114","0.5400000214576721","0.5400000214576721","0.5400000214576721","114","114","114","1","1","1"
"2320000","115","115","115","0.3799999952316284","0.3799999952316284","0.3799999952316284","115","115","115","0.5400000214576721","0.5400000214576721","0.5400000214576721","115","115","115","1","1","1"
"2340000","116","116","116","0.3799999952316284","0.3799999952316284","0.3799999952316284","116","116","116","0.36000001430511475","0.36000001430511475","0.36000001430511475","116","116","116","1","1","1"
"2360000","117","117","117","0.41999998688697815","0.41999998688697815","0.41999998688697815","117","117","117","0.3199999928474426","0.3199999928474426","0.3199999928474426","117","117","117","1","1","1"
"2380000","118","118","118","0.3199999928474426","0.3199999928474426","0.3199999928474426","118","118","118","0.2800000011920929","0.2800000011920929","0.2800000011920929","118","118","118","1","1","1"
"2400000","119","119","119","0.2199999988079071","0.2199999988079071","0.2199999988079071","119","119","119","0.30000001192092896","0.30000001192092896","0.30000001192092896","119","119","119","1","1","1"
"2420000","120","120","120","0.20000000298023224","0.20000000298023224","0.20000000298023224","120","120","120","0.30000001192092896","0.30000001192092896","0.30000001192092896","120","120","120","1","1","1"
"2440000","121","121","121","0.23999999463558197","0.23999999463558197","0.23999999463558197","121","121","121","0.2199999988079071","0.2199999988079071","0.2199999988079071","121","121","121","1","1","1"
"2460000","122","122","122","0.3199999928474426","0.3199999928474426","0.3199999928474426","122","122","122","0.3199999928474426","0.3199999928474426","0.3199999928474426","122","122","122","1","1","1"
"2480000","123","123","123","0.3799999952316284","0.3799999952316284","0.3799999952316284","123","123","123","0.46000000834465027","0.46000000834465027","0.46000000834465027","123","123","123","1","1","1"
"2500000","124","124","124","0.36000001430511475","0.36000001430511475","0.36000001430511475","124","124","124","0.46000000834465027","0.46000000834465027","0.46000000834465027","124","124","124","1","1","1"
"2520000","125","125","125","0.30000001192092896","0.30000001192092896","0.30000001192092896","125","125","125","0.47999998927116394","0.47999998927116394","0.47999998927116394","125","125","125","1","1","1"
"2540000","126","126","126","0.3400000035762787","0.3400000035762787","0.3400000035762787","126","126","126","0.5","0.5","0.5","126","126","126","1","1","1"
"2560000","127","127","127","0.2800000011920929","0.2800000011920929","0.2800000011920929","127","127","127","0.4399999976158142","0.4399999976158142","0.4399999976158142","127","127","127","1","1","1"
"2580000","128","128","128","0.25999999046325684","0.25999999046325684","0.25999999046325684","128","128","128","0.3799999952316284","0.3799999952316284","0.3799999952316284","128","128","128","1","1","1"
"2600000","129","129","129","0.30000001192092896","0.30000001192092896","0.30000001192092896","129","129","129","0.30000001192092896","0.30000001192092896","0.30000001192092896","129","129","129","1","1","1"
"2620000","130","130","130","0.23999999463558197","0.23999999463558197","0.23999999463558197","130","130","130","0.5600000023841858","0.5600000023841858","0.5600000023841858","130","130","130","1","1","1"
"2640000","131","131","131","0.2800000011920929","0.2800000011920929","0.2800000011920929","131","131","131","0.7200000286102295","0.7200000286102295","0.7200000286102295","131","131","131","1","1","1"
"2660000","132","132","132","0.46000000834465027","0.46000000834465027","0.46000000834465027","132","132","132","0.5","0.5","0.5","132","132","132","1","1","1"
"2680000","133","133","133","0.3799999952316284","0.3799999952316284","0.3799999952316284","133","133","133","0.5199999809265137","0.5199999809265137","0.5199999809265137","133","133","133","1","1","1"
"2700000","134","134","134","0.25999999046325684","0.25999999046325684","0.25999999046325684","134","134","134","0.6200000047683716","0.6200000047683716","0.6200000047683716","134","134","134","1","1","1"
"2720000","135","135","135","0.3199999928474426","0.3199999928474426","0.3199999928474426","135","135","135","0.5","0.5","0.5","135","135","135","1","1","1"
"2740000","136","136","136","0.3799999952316284","0.3799999952316284","0.3799999952316284","136","136","136","0.41999998688697815","0.41999998688697815","0.41999998688697815","136","136","136","1","1","1"
"2760000","137","137","137","0.3400000035762787","0.3400000035762787","0.3400000035762787","137","137","137","0.41999998688697815","0.41999998688697815","0.41999998688697815","137","137","137","1","1","1"
"2780000","138","138","138","0.3400000035762787","0.3400000035762787","0.3400000035762787","138","138","138","0.3799999952316284","0.3799999952316284","0.3799999952316284","138","138","138","1","1","1"
"2800000","139","139","139","0.41999998688697815","0.41999998688697815","0.41999998688697815","139","139","139","0.3400000035762787","0.3400000035762787","0.3400000035762787","139","139","139","1","1","1"
"2820000","140","140","140","0.4000000059604645","0.4000000059604645","0.4000000059604645","140","140","140","0.36000001430511475","0.36000001430511475","0.36000001430511475","140","140","140","1","1","1"
"2840000","141","141","141","0.30000001192092896","0.30000001192092896","0.30000001192092896","141","141","141","0.46000000834465027","0.46000000834465027","0.46000000834465027","141","141","141","1","1","1"
"2860000","142","142","142","0.30000001192092896","0.30000001192092896","0.30000001192092896","142","142","142","0.47999998927116394","0.47999998927116394","0.47999998927116394","142","142","142","1","1","1"
"2880000","143","143","143","0.3799999952316284","0.3799999952316284","0.3799999952316284","143","143","143","0.3799999952316284","0.3799999952316284","0.3799999952316284","143","143","143","1","1","1"
"2900000","144","144","144","0.36000001430511475","0.36000001430511475","0.36000001430511475","144","144","144","0.3799999952316284","0.3799999952316284","0.3799999952316284","144","144","144","1","1","1"
"2920000","145","145","145","0.36000001430511475","0.36000001430511475","0.36000001430511475","145","145","145","0.4399999976158142","0.4399999976158142","0.4399999976158142","145","145","145","1","1","1"
"2940000","146","146","146","0.25999999046325684","0.25999999046325684","0.25999999046325684","146","146","146","0.47999998927116394","0.47999998927116394","0.47999998927116394","146","146","146","1","1","1"
"2960000","147","147","147","0.23999999463558197","0.23999999463558197","0.23999999463558197","147","147","147","0.46000000834465027","0.46000000834465027","0.46000000834465027","147","147","147","1","1","1"
"2980000","148","148","148","0.2199999988079071","0.2199999988079071","0.2199999988079071","148","148","148","0.30000001192092896","0.30000001192092896","0.30000001192092896","148","148","148","1","1","1"
"3000000","149","149","149","0.23999999463558197","0.23999999463558197","0.23999999463558197","149","149","149","0.20000000298023224","0.20000000298023224","0.20000000298023224","149","149","149","1","1","1"
"3020000","150","150","150","0.20000000298023224","0.20000000298023224","0.20000000298023224","150","150","150","0.25999999046325684","0.25999999046325684","0.25999999046325684","150","150","150","1","1","1"
"3040000","151","151","151","0.23999999463558197","0.23999999463558197","0.23999999463558197","151","151","151","0.41999998688697815","0.41999998688697815","0.41999998688697815","151","151","151","1","1","1"
"3060000","152","152","152","0.25999999046325684","0.25999999046325684","0.25999999046325684","152","152","152","0.4000000059604645","0.4000000059604645","0.4000000059604645","152","152","152","1","1","1"
"3080000","153","153","153","0.2199999988079071","0.2199999988079071","0.2199999988079071","153","153","153","0.4399999976158142","0.4399999976158142","0.4399999976158142","153","153","153","1","1","1"
"3100000","154","154","154","0.2199999988079071","0.2199999988079071","0.2199999988079071","154","154","154","0.6800000071525574","0.6800000071525574","0.6800000071525574","154","154","154","1","1","1"
"3120000","155","155","155","0.3199999928474426","0.3199999928474426","0.3199999928474426","155","155","155","0.6800000071525574","0.6800000071525574","0.6800000071525574","155","155","155","1","1","1"
"3140000","156","156","156","0.36000001430511475","0.36000001430511475","0.36000001430511475","156","156","156","0.5400000214576721","0.5400000214576721","0.5400000214576721","156","156","156","1","1","1"
"3160000","157","157","157","0.36000001430511475","0.36000001430511475","0.36000001430511475","157","157","157","0.5400000214576721","0.5400000214576721","0.5400000214576721","157","157","157","1","1","1"
"3180000","158","158","158","0.3199999928474426","0.3199999928474426","0.3199999928474426","158","158","158","0.3799999952316284","0.3799999952316284","0.3799999952316284","158","158","158","1","1","1"
"3200000","159","159","159","0.3199999928474426","0.3199999928474426","0.3199999928474426","159","159","159","0.3799999952316284","0.3799999952316284","0.3799999952316284","159","159","159","1","1","1"
"3220000","160","160","160","0.25999999046325684","0.25999999046325684","0.25999999046325684","160","160","160","0.4399999976158142","0.4399999976158142","0.4399999976158142","160","160","160","1","1","1"
"3240000","161","161","161","0.14000000059604645","0.14000000059604645","0.14000000059604645","161","161","161","0.36000001430511475","0.36000001430511475","0.36000001430511475","161","161","161","1","1","1"
"3260000","162","162","162","0.1599999964237213","0.1599999964237213","0.1599999964237213","162","162","162","0.3400000035762787","0.3400000035762787","0.3400000035762787","162","162","162","1","1","1"
"3280000","163","163","163","0.20000000298023224","0.20000000298023224","0.20000000298023224","163","163","163","0.3799999952316284","0.3799999952316284","0.3799999952316284","163","163","163","1","1","1"
"3300000","164","164","164","0.25999999046325684","0.25999999046325684","0.25999999046325684","164","164","164","0.47999998927116394","0.47999998927116394","0.47999998927116394","164","164","164","1","1","1"
"3320000","165","165","165","0.25999999046325684","0.25999999046325684","0.25999999046325684","165","165","165","0.46000000834465027","0.46000000834465027","0.46000000834465027","165","165","165","1","1","1"
"3340000","166","166","166","0.23999999463558197","0.23999999463558197","0.23999999463558197","166","166","166","0.5199999809265137","0.5199999809265137","0.5199999809265137","166","166","166","1","1","1"
"3360000","167","167","167","0.2800000011920929","0.2800000011920929","0.2800000011920929","167","167","167","0.5","0.5","0.5","167","167","167","1","1","1"
"3380000","168","168","168","0.3199999928474426","0.3199999928474426","0.3199999928474426","168","168","168","0.46000000834465027","0.46000000834465027","0.46000000834465027","168","168","168","1","1","1"
"3400000","169","169","169","0.20000000298023224","0.20000000298023224","0.20000000298023224","169","169","169","0.46000000834465027","0.46000000834465027","0.46000000834465027","169","169","169","1","1","1"
"3420000","170","170","170","0.03999999910593033","0.03999999910593033","0.03999999910593033","170","170","170","0.3799999952316284","0.3799999952316284","0.3799999952316284","170","170","170","1","1","1"
"3440000","171","171","171","0.11999999731779099","0.11999999731779099","0.11999999731779099","171","171","171","0.2800000011920929","0.2800000011920929","0.2800000011920929","171","171","171","1","1","1"
"3460000","172","172","172","0.14000000059604645","0.14000000059604645","0.14000000059604645","172","172","172","0.2199999988079071","0.2199999988079071","0.2199999988079071","172","172","172","1","1","1"
"3480000","173","173","173","0.14000000059604645","0.14000000059604645","0.14000000059604645","173","173","173","0.23999999463558197","0.23999999463558197","0.23999999463558197","173","173","173","1","1","1"
"3500000","174","174","174","0.18000000715255737","0.18000000715255737","0.18000000715255737","174","174","174","0.23999999463558197","0.23999999463558197","0.23999999463558197","174","174","174","1","1","1"
"3520000","175","175","175","0.2800000011920929","0.2800000011920929","0.2800000011920929","175","175","175","0.25999999046325684","0.25999999046325684","0.25999999046325684","175","175","175","1","1","1"
"3540000","176","176","176","0.25999999046325684","0.25999999046325684","0.25999999046325684","176","176","176","0.5","0.5","0.5","176","176","176","1","1","1"
"3560000","177","177","177","0.20000000298023224","0.20000000298023224","0.20000000298023224","177","177","177","0.5600000023841858","0.5600000023841858","0.5600000023841858","177","177","177","1","1","1"
"3580000","178","178","178","0.18000000715255737","0.18000000715255737","0.18000000715255737","178","178","178","0.41999998688697815","0.41999998688697815","0.41999998688697815","178","178","178","1","1","1"
"3600000","179","179","179","0.14000000059604645","0.14000000059604645","0.14000000059604645","179","179","179","0.3799999952316284","0.3799999952316284","0.3799999952316284","179","179","179","1","1","1"
"3620000","180","180","180","0.11999999731779099","0.11999999731779099","0.11999999731779099","180","180","180","0.36000001430511475","0.36000001430511475","0.36000001430511475","180","180","180","1","1","1"
"3640000","181","181","181","0.18000000715255737","0.18000000715255737","0.18000000715255737","181","181","181","0.25999999046325684","0.25999999046325684","0.25999999046325684","181","181","181","1","1","1"
"3660000","182","182","182","0.20000000298023224","0.20000000298023224","0.20000000298023224","182","182","182","0.2800000011920929","0.2800000011920929","0.2800000011920929","182","182","182","1","1","1"
"3680000","183","183","183","0.20000000298023224","0.20000000298023224","0.20000000298023224","183","183","183","0.30000001192092896","0.30000001192092896","0.30000001192092896","183","183","183","1","1","1"
"3700000","184","184","184","0.1599999964237213","0.1599999964237213","0.1599999964237213","184","184","184","0.30000001192092896","0.30000001192092896","0.30000001192092896","184","184","184","1","1","1"
"3720000","185","185","185","0.1599999964237213","0.1599999964237213","0.1599999964237213","185","185","185","0.20000000298023224","0.20000000298023224","0.20000000298023224","185","185","185","1","1","1"
"3740000","186","186","186","0.1599999964237213","0.1599999964237213","0.1599999964237213","186","186","186","0.18000000715255737","0.18000000715255737","0.18000000715255737","186","186","186","1","1","1"
"3760000","187","187","187","0.11999999731779099","0.11999999731779099","0.11999999731779099","187","187","187","0.18000000715255737","0.18000000715255737","0.18000000715255737","187","187","187","1","1","1"
"3780000","188","188","188","0.1599999964237213","0.1599999964237213","0.1599999964237213","188","188","188","0.2800000011920929","0.2800000011920929","0.2800000011920929","188","188","188","1","1","1"
"3800000","189","189","189","0.11999999731779099","0.11999999731779099","0.11999999731779099","189","189","189","0.4000000059604645","0.4000000059604645","0.4000000059604645","189","189","189","1","1","1"
"3820000","190","190","190","0.11999999731779099","0.11999999731779099","0.11999999731779099","190","190","190","0.36000001430511475","0.36000001430511475","0.36000001430511475","190","190","190","1","1","1"
"3840000","191","191","191","0.10000000149011612","0.10000000149011612","0.10000000149011612","191","191","191","0.2800000011920929","0.2800000011920929","0.2800000011920929","191","191","191","1","1","1"
"3860000","192","192","192","0.18000000715255737","0.18000000715255737","0.18000000715255737","192","192","192","0.23999999463558197","0.23999999463558197","0.23999999463558197","192","192","192","1","1","1"
"3880000","193","193","193","0.2800000011920929","0.2800000011920929","0.2800000011920929","193","193","193","0.36000001430511475","0.36000001430511475","0.36000001430511475","193","193","193","1","1","1"
"3900000","194","194","194","0.2800000011920929","0.2800000011920929","0.2800000011920929","194","194","194","0.4000000059604645","0.4000000059604645","0.4000000059604645","194","194","194","1","1","1"
"3920000","195","195","195","0.18000000715255737","0.18000000715255737","0.18000000715255737","195","195","195","0.5400000214576721","0.5400000214576721","0.5400000214576721","195","195","195","1","1","1"
"3940000","196","196","196","0.11999999731779099","0.11999999731779099","0.11999999731779099","196","196","196","0.5","0.5","0.5","196","196","196","1","1","1"
"3960000","197","197","197","0.14000000059604645","0.14000000059604645","0.14000000059604645","197","197","197","0.5199999809265137","0.5199999809265137","0.5199999809265137","197","197","197","1","1","1"
"3980000","198","198","198","0.18000000715255737","0.18000000715255737","0.18000000715255737","198","198","198","0.6600000262260437","0.6600000262260437","0.6600000262260437","198","198","198","1","1","1"
"4000000","199","199","199","0.18000000715255737","0.18000000715255737","0.18000000715255737","199","199","199","0.5","0.5","0.5","199","199","199","1","1","1"
"4020000","200","200","200","0.11999999731779099","0.11999999731779099","0.11999999731779099","200","200","200","0.36000001430511475","0.36000001430511475","0.36000001430511475","200","200","200","1","1","1"
"4040000","201","201","201","0.05999999865889549","0.05999999865889549","0.05999999865889549","201","201","201","0.3400000035762787","0.3400000035762787","0.3400000035762787","201","201","201","1","1","1"
"4060000","202","202","202","0.11999999731779099","0.11999999731779099","0.11999999731779099","202","202","202","0.30000001192092896","0.30000001192092896","0.30000001192092896","202","202","202","1","1","1"
"4080000","203","203","203","0.07999999821186066","0.07999999821186066","0.07999999821186066","203","203","203","0.20000000298023224","0.20000000298023224","0.20000000298023224","203","203","203","1","1","1"
"4100000","204","204","204","0.10000000149011612","0.10000000149011612","0.10000000149011612","204","204","204","0.20000000298023224","0.20000000298023224","0.20000000298023224","204","204","204","1","1","1"
"4120000","205","205","205","0.10000000149011612","0.10000000149011612","0.10000000149011612","205","205","205","0.2800000011920929","0.2800000011920929","0.2800000011920929","205","205","205","1","1","1"
"4140000","206","206","206","0.14000000059604645","0.14000000059604645","0.14000000059604645","206","206","206","0.4000000059604645","0.4000000059604645","0.4000000059604645","206","206","206","1","1","1"
"4160000","207","207","207","0.20000000298023224","0.20000000298023224","0.20000000298023224","207","207","207","0.5","0.5","0.5","207","207","207","1","1","1"
"4180000","208","208","208","0.1599999964237213","0.1599999964237213","0.1599999964237213","208","208","208","0.47999998927116394","0.47999998927116394","0.47999998927116394","208","208","208","1","1","1"
"4200000","209","209","209","0.11999999731779099","0.11999999731779099","0.11999999731779099","209","209","209","0.47999998927116394","0.47999998927116394","0.47999998927116394","209","209","209","1","1","1"
"4220000","210","210","210","0.20000000298023224","0.20000000298023224","0.20000000298023224","210","210","210","0.5400000214576721","0.5400000214576721","0.5400000214576721","210","210","210","1","1","1"
"4240000","211","211","211","0.25999999046325684","0.25999999046325684","0.25999999046325684","211","211","211","0.5799999833106995","0.5799999833106995","0.5799999833106995","211","211","211","1","1","1"
"4260000","212","212","212","0.20000000298023224","0.20000000298023224","0.20000000298023224","212","212","212","0.41999998688697815","0.41999998688697815","0.41999998688697815","212","212","212","1","1","1"
"4280000","213","213","213","0.20000000298023224","0.20000000298023224","0.20000000298023224","213","213","213","0.2199999988079071","0.2199999988079071","0.2199999988079071","213","213","213","1","1","1"
"4300000","214","214","214","0.20000000298023224","0.20000000298023224","0.20000000298023224","214","214","214","0.1599999964237213","0.1599999964237213","0.1599999964237213","214","214","214","1","1","1"
"4320000","215","215","215","0.1599999964237213","0.1599999964237213","0.1599999964237213","215","215","215","0.25999999046325684","0.25999999046325684","0.25999999046325684","215","215","215","1","1","1"
"4340000","216","216","216","0.18000000715255737","0.18000000715255737","0.18000000715255737","216","216","216","0.3400000035762787","0.3400000035762787","0.3400000035762787","216","216","216","1","1","1"
"4360000","217","217","217","0.10000000149011612","0.10000000149011612","0.10000000149011612","217","217","217","0.4399999976158142","0.4399999976158142","0.4399999976158142","217","217","217","1","1","1"
"4380000","218","218","218","0.11999999731779099","0.11999999731779099","0.11999999731779099","218","218","218","0.5400000214576721","0.5400000214576721","0.5400000214576721","218","218","218","1","1","1"
"4400000","219","219","219","0.11999999731779099","0.11999999731779099","0.11999999731779099","219","219","219","0.5799999833106995","0.5799999833106995","0.5799999833106995","219","219","219","1","1","1"
"4420000","220","220","220","0.11999999731779099","0.11999999731779099","0.11999999731779099","220","220","220","0.5199999809265137","0.5199999809265137","0.5199999809265137","220","220","220","1","1","1"
"4440000","221","221","221","0.14000000059604645","0.14000000059604645","0.14000000059604645","221","221","221","0.5","0.5","0.5","221","221","221","1","1","1"
"4460000","222","222","222","0.18000000715255737","0.18000000715255737","0.18000000715255737","222","222","222","0.5600000023841858","0.5600000023841858","0.5600000023841858","222","222","222","1","1","1"
"4480000","223","223","223","0.14000000059604645","0.14000000059604645","0.14000000059604645","223","223","223","0.41999998688697815","0.41999998688697815","0.41999998688697815","223","223","223","1","1","1"
"4500000","224","224","224","0.10000000149011612","0.10000000149011612","0.10000000149011612","224","224","224","0.23999999463558197","0.23999999463558197","0.23999999463558197","224","224","224","1","1","1"
"4520000","225","225","225","0.03999999910593033","0.03999999910593033","0.03999999910593033","225","225","225","0.25999999046325684","0.25999999046325684","0.25999999046325684","225","225","225","1","1","1"
"4540000","226","226","226","0.05999999865889549","0.05999999865889549","0.05999999865889549","226","226","226","0.30000001192092896","0.30000001192092896","0.30000001192092896","226","226","226","1","1","1"
"4560000","227","227","227","0.11999999731779099","0.11999999731779099","0.11999999731779099","227","227","227","0.23999999463558197","0.23999999463558197","0.23999999463558197","227","227","227","1","1","1"
"4580000","228","228","228","0.1599999964237213","0.1599999964237213","0.1599999964237213","228","228","228","0.20000000298023224","0.20000000298023224","0.20000000298023224","228","228","228","1","1","1"
"4600000","229","229","229","0.2199999988079071","0.2199999988079071","0.2199999988079071","229","229","229","0.2199999988079071","0.2199999988079071","0.2199999988079071","229","229","229","1","1","1"
"4620000","230","230","230","0.23999999463558197","0.23999999463558197","0.23999999463558197","230","230","230","0.3199999928474426","0.3199999928474426","0.3199999928474426","230","230","230","1","1","1"
"4640000","231","231","231","0.23999999463558197","0.23999999463558197","0.23999999463558197","231","231","231","0.46000000834465027","0.46000000834465027","0.46000000834465027","231","231","231","1","1","1"
"4660000","232","232","232","0.25999999046325684","0.25999999046325684","0.25999999046325684","232","232","232","0.5199999809265137","0.5199999809265137","0.5199999809265137","232","232","232","1","1","1"
"4680000","233","233","233","0.30000001192092896","0.30000001192092896","0.30000001192092896","233","233","233","0.46000000834465027","0.46000000834465027","0.46000000834465027","233","233","233","1","1","1"
"4700000","234","234","234","0.2800000011920929","0.2800000011920929","0.2800000011920929","234","234","234","0.36000001430511475","0.36000001430511475","0.36000001430511475","234","234","234","1","1","1"
"4720000","235","235","235","0.30000001192092896","0.30000001192092896","0.30000001192092896","235","235","235","0.3400000035762787","0.3400000035762787","0.3400000035762787","235","235","235","1","1","1"
"4740000","236","236","236","0.2199999988079071","0.2199999988079071","0.2199999988079071","236","236","236","0.4000000059604645","0.4000000059604645","0.4000000059604645","236","236","236","1","1","1"
"4760000","237","237","237","0.07999999821186066","0.07999999821186066","0.07999999821186066","237","237","237","0.2800000011920929","0.2800000011920929","0.2800000011920929","237","237","237","1","1","1"
"4780000","238","238","238","0.05999999865889549","0.05999999865889549","0.05999999865889549","238","238","238","0.1599999964237213","0.1599999964237213","0.1599999964237213","238","238","238","1","1","1"
"4800000","239","239","239","0.07999999821186066","0.07999999821186066","0.07999999821186066","239","239","239","0.23999999463558197","0.23999999463558197","0.23999999463558197","239","239","239","1","1","1"
"4820000","240","240","240","0.07999999821186066","0.07999999821186066","0.07999999821186066","240","240","240","0.30000001192092896","0.30000001192092896","0.30000001192092896","240","240","240","1","1","1"
"4840000","241","241","241","0.10000000149011612","0.10000000149011612","0.10000000149011612","241","241","241","0.23999999463558197","0.23999999463558197","0.23999999463558197","241","241","241","1","1","1"
"4860000","242","242","242","0.11999999731779099","0.11999999731779099","0.11999999731779099","242","242","242","0.14000000059604645","0.14000000059604645","0.14000000059604645","242","242","242","1","1","1"
"4880000","243","243","243","0.14000000059604645","0.14000000059604645","0.14000000059604645","243","243","243","0.2199999988079071","0.2199999988079071","0.2199999988079071","243","243","243","1","1","1"
"4900000","244","244","244","0.1599999964237213","0.1599999964237213","0.1599999964237213","244","244","244","0.36000001430511475","0.36000001430511475","0.36000001430511475","244","244","244","1","1","1"
"4920000","245","245","245","0.18000000715255737","0.18000000715255737","0.18000000715255737","245","245","245","0.2800000011920929","0.2800000011920929","0.2800000011920929","245","245","245","1","1","1"
"4940000","246","246","246","0.14000000059604645","0.14000000059604645","0.14000000059604645","246","246","246","0.23999999463558197","0.23999999463558197","0.23999999463558197","246","246","246","1","1","1"
"4960000","247","247","247","0.14000000059604645","0.14000000059604645","0.14000000059604645","247","247","247","0.4000000059604645","0.4000000059604645","0.4000000059604645","247","247","247","1","1","1"
"4980000","248","248","248","0.10000000149011612","0.10000000149011612","0.10000000149011612","248","248","248","0.4000000059604645","0.4000000059604645","0.4000000059604645","248","248","248","1","1","1"
"5000000","249","249","249","0.10000000149011612","0.10000000149011612","0.10000000149011612","249","249","249","0.30000001192092896","0.30000001192092896","0.30000001192092896","249","249","249","1","1","1"
"5020000","250","250","250","0.14000000059604645","0.14000000059604645","0.14000000059604645","250","250","250","0.1599999964237213","0.1599999964237213","0.1599999964237213","250","250","250","1","1","1"
"5040000","251","251","251","0.18000000715255737","0.18000000715255737","0.18000000715255737","251","251","251","0.14000000059604645","0.14000000059604645","0.14000000059604645","251","251","251","1","1","1"
"5060000","252","252","252","0.20000000298023224","0.20000000298023224","0.20000000298023224","252","252","252","0.25999999046325684","0.25999999046325684","0.25999999046325684","252","252","252","1","1","1"
"5080000","253","253","253","0.2199999988079071","0.2199999988079071","0.2199999988079071","253","253","253","0.3799999952316284","0.3799999952316284","0.3799999952316284","253","253","253","1","1","1"
"5100000","254","254","254","0.1599999964237213","0.1599999964237213","0.1599999964237213","254","254","254","0.30000001192092896","0.30000001192092896","0.30000001192092896","254","254","254","1","1","1"
"5120000","255","255","255","0.10000000149011612","0.10000000149011612","0.10000000149011612","255","255","255","0.2800000011920929","0.2800000011920929","0.2800000011920929","255","255","255","1","1","1"
"5140000","256","256","256","0","0","0","256","256","256","0.3199999928474426","0.3199999928474426","0.3199999928474426","256","256","256","1","1","1"
"5160000","257","257","257","0.03999999910593033","0.03999999910593033","0.03999999910593033","257","257","257","0.23999999463558197","0.23999999463558197","0.23999999463558197","257","257","257","1","1","1"
"5180000","258","258","258","0.03999999910593033","0.03999999910593033","0.03999999910593033","258","258","258","0.23999999463558197","0.23999999463558197","0.23999999463558197","258","258","258","1","1","1"
"5200000","259","259","259","0.019999999552965164","0.019999999552965164","0.019999999552965164","259","259","259","0.14000000059604645","0.14000000059604645","0.14000000059604645","259","259","259","1","1","1"
"5220000","260","260","260","0","0","0","260","260","260","0.18000000715255737","0.18000000715255737","0.18000000715255737","260","260","260","1","1","1"
"5240000","261","261","261","0.019999999552965164","0.019999999552965164","0.019999999552965164","261","261","261","0.30000001192092896","0.30000001192092896","0.30000001192092896","261","261","261","1","1","1"
"5260000","262","262","262","0.03999999910593033","0.03999999910593033","0.03999999910593033","262","262","262","0.25999999046325684","0.25999999046325684","0.25999999046325684","262","262","262","1","1","1"
"5280000","263","263","263","0.07999999821186066","0.07999999821186066","0.07999999821186066","263","263","263","0.18000000715255737","0.18000000715255737","0.18000000715255737","263","263","263","1","1","1"
"5300000","264","264","264","0.07999999821186066","0.07999999821186066","0.07999999821186066","264","264","264","0.1599999964237213","0.1599999964237213","0.1599999964237213","264","264","264","1","1","1"
"5320000","265","265","265","0.10000000149011612","0.10000000149011612","0.10000000149011612","265","265","265","0.30000001192092896","0.30000001192092896","0.30000001192092896","265","265","265","1","1","1"
"5340000","266","266","266","0.11999999731779099","0.11999999731779099","0.11999999731779099","266","266","266","0.4000000059604645","0.4000000059604645","0.4000000059604645","266","266","266","1","1","1"
"5360000","267","267","267","0.07999999821186066","0.07999999821186066","0.07999999821186066","267","267","267","0.30000001192092896","0.30000001192092896","0.30000001192092896","267","267","267","1","1","1"
"5380000","268","268","268","0.03999999910593033","0.03999999910593033","0.03999999910593033","268","268","268","0.23999999463558197","0.23999999463558197","0.23999999463558197","268","268","268","1","1","1"
"5400000","269","269","269","0.019999999552965164","0.019999999552965164","0.019999999552965164","269","269","269","0.1599999964237213","0.1599999964237213","0.1599999964237213","269","269","269","1","1","1"
"5420000","270","270","270","0.07999999821186066","0.07999999821186066","0.07999999821186066","270","270","270","0.14000000059604645","0.14000000059604645","0.14000000059604645","270","270","270","1","1","1"
"5440000","271","271","271","0.14000000059604645","0.14000000059604645","0.14000000059604645","271","271","271","0.30000001192092896","0.30000001192092896","0.30000001192092896","271","271","271","1","1","1"
"5460000","272","272","272","0.23999999463558197","0.23999999463558197","0.23999999463558197","272","272","272","0.3400000035762787","0.3400000035762787","0.3400000035762787","272","272","272","1","1","1"
"5480000","273","273","273","0.30000001192092896","0.30000001192092896","0.30000001192092896","273","273","273","0.3400000035762787","0.3400000035762787","0.3400000035762787","273","273","273","1","1","1"
"5500000","274","274","274","0.25999999046325684","0.25999999046325684","0.25999999046325684","274","274","274","0.3799999952316284","0.3799999952316284","0.3799999952316284","274","274","274","1","1","1"
"5520000","275","275","275","0.20000000298023224","0.20000000298023224","0.20000000298023224","275","275","275","0.30000001192092896","0.30000001192092896","0.30000001192092896","275","275","275","1","1","1"
"5540000","276","276","276","0.1599999964237213","0.1599999964237213","0.1599999964237213","276","276","276","0.2199999988079071","0.2199999988079071","0.2199999988079071","276","276","276","1","1","1"
"5560000","277","277","277","0.10000000149011612","0.10000000149011612","0.10000000149011612","277","277","277","0.14000000059604645","0.14000000059604645","0.14000000059604645","277","277","277","1","1","1"
"5580000","278","278","278","0.14000000059604645","0.14000000059604645","0.14000000059604645","278","278","278","0.18000000715255737","0.18000000715255737","0.18000000715255737","278","278","278","1","1","1"
"5600000","279","279","279","0.1599999964237213","0.1599999964237213","0.1599999964237213","279","279","279","0.1599999964237213","0.1599999964237213","0.1599999964237213","279","279","279","1","1","1"
"5620000","280","280","280","0.11999999731779099","0.11999999731779099","0.11999999731779099","280","280","280","0.23999999463558197","0.23999999463558197","0.23999999463558197","280","280","280","1","1","1"
"5640000","281","281","281","0.2199999988079071","0.2199999988079071","0.2199999988079071","281","281","281","0.3799999952316284","0.3799999952316284","0.3799999952316284","281","281","281","1","1","1"
"5660000","282","282","282","0.3199999928474426","0.3199999928474426","0.3199999928474426","282","282","282","0.3799999952316284","0.3799999952316284","0.3799999952316284","282","282","282","1","1","1"
"5680000","283","283","283","0.2800000011920929","0.2800000011920929","0.2800000011920929","283","283","283","0.30000001192092896","0.30000001192092896","0.30000001192092896","283","283","283","1","1","1"
"5700000","284","284","284","0.1599999964237213","0.1599999964237213","0.1599999964237213","284","284","284","0.3199999928474426","0.3199999928474426","0.3199999928474426","284","284","284","1","1","1"
"5720000","285","285","285","0.14000000059604645","0.14000000059604645","0.14000000059604645","285","285","285","0.2800000011920929","0.2800000011920929","0.2800000011920929","285","285","285","1","1","1"
"5740000","286","286","286","0.14000000059604645","0.14000000059604645","0.14000000059604645","286","286","286","0.3400000035762787","0.3400000035762787","0.3400000035762787","286","286","286","1","1","1"
"5760000","287","287","287","0.14000000059604645","0.14000000059604645","0.14000000059604645","287","287","287","0.25999999046325684","0.25999999046325684","0.25999999046325684","287","287","287","1","1","1"
"5780000","288","288","288","0.11999999731779099","0.11999999731779099","0.11999999731779099","288","288","288","0.18000000715255737","0.18000000715255737","0.18000000715255737","288","288","288","1","1","1"
"5800000","289","289","289","0.11999999731779099","0.11999999731779099","0.11999999731779099","289","289","289","0.20000000298023224","0.20000000298023224","0.20000000298023224","289","289","289","1","1","1"
"5820000","290","290","290","0.10000000149011612","0.10000000149011612","0.10000000149011612","290","290","290","0.2199999988079071","0.2199999988079071","0.2199999988079071","290","290","290","1","1","1"
"5840000","291","291","291","0.10000000149011612","0.10000000149011612","0.10000000149011612","291","291","291","0.2199999988079071","0.2199999988079071","0.2199999988079071","291","291","291","1","1","1"
"5860000","292","292","292","0.14000000059604645","0.14000000059604645","0.14000000059604645","292","292","292","0.23999999463558197","0.23999999463558197","0.23999999463558197","292","292","292","1","1","1"
"5880000","293","293","293","0.14000000059604645","0.14000000059604645","0.14000000059604645","293","293","293","0.2800000011920929","0.2800000011920929","0.2800000011920929","293","293","293","1","1","1"
"5900000","294","294","294","0.11999999731779099","0.11999999731779099","0.11999999731779099","294","294","294","0.23999999463558197","0.23999999463558197","0.23999999463558197","294","294","294","1","1","1"
"5920000","295","295","295","0.11999999731779099","0.11999999731779099","0.11999999731779099","295","295","295","0.25999999046325684","0.25999999046325684","0.25999999046325684","295","295","295","1","1","1"
"5940000","296","296","296","0.14000000059604645","0.14000000059604645","0.14000000059604645","296","296","296","0.3400000035762787","0.3400000035762787","0.3400000035762787","296","296","296","1","1","1"
"5960000","297","297","297","0.10000000149011612","0.10000000149011612","0.10000000149011612","297","297","297","0.3199999928474426","0.3199999928474426","0.3199999928474426","297","297","297","1","1","1"
"5980000","298","298","298","0.11999999731779099","0.11999999731779099","0.11999999731779099","298","298","298","0.2199999988079071","0.2199999988079071","0.2199999988079071","298","298","298","1","1","1"
"6000000","299","299","299","0.11999999731779099","0.11999999731779099","0.11999999731779099","299","299","299","0.2199999988079071","0.2199999988079071","0.2199999988079071","299","299","299","1","1","1"
"6020000","300","300","300","0.05999999865889549","0.05999999865889549","0.05999999865889549","300","300","300","0.23999999463558197","0.23999999463558197","0.23999999463558197","300","300","300","1","1","1"
"6040000","301","301","301","0.05999999865889549","0.05999999865889549","0.05999999865889549","301","301","301","0.25999999046325684","0.25999999046325684","0.25999999046325684","301","301","301","1","1","1"
"6060000","302","302","302","0.05999999865889549","0.05999999865889549","0.05999999865889549","302","302","302","0.23999999463558197","0.23999999463558197","0.23999999463558197","302","302","302","1","1","1"
"6080000","303","303","303","0.07999999821186066","0.07999999821186066","0.07999999821186066","303","303","303","0.14000000059604645","0.14000000059604645","0.14000000059604645","303","303","303","1","1","1"
"6100000","304","304","304","0.07999999821186066","0.07999999821186066","0.07999999821186066","304","304","304","0.10000000149011612","0.10000000149011612","0.10000000149011612","304","304","304","1","1","1"
"6120000","305","305","305","0.05999999865889549","0.05999999865889549","0.05999999865889549","305","305","305","0.18000000715255737","0.18000000715255737","0.18000000715255737","305","305","305","1","1","1"
"6140000","306","306","306","0.14000000059604645","0.14000000059604645","0.14000000059604645","306","306","306","0.20000000298023224","0.20000000298023224","0.20000000298023224","306","306","306","1","1","1"
"6160000","307","307","307","0.11999999731779099","0.11999999731779099","0.11999999731779099","307","307","307","0.3400000035762787","0.3400000035762787","0.3400000035762787","307","307","307","1","1","1"
"6180000","308","308","308","0.07999999821186066","0.07999999821186066","0.07999999821186066","308","308","308","0.3400000035762787","0.3400000035762787","0.3400000035762787","308","308","308","1","1","1"
"6200000","309","309","309","0.10000000149011612","0.10000000149011612","0.10000000149011612","309","309","309","0.30000001192092896","0.30000001192092896","0.30000001192092896","309","309","309","1","1","1"
"6220000","310","310","310","0.1599999964237213","0.1599999964237213","0.1599999964237213","310","310","310","0.2800000011920929","0.2800000011920929","0.2800000011920929","310","310","310","1","1","1"
"6240000","311","311","311","0.1599999964237213","0.1599999964237213","0.1599999964237213","311","311","311","0.3199999928474426","0.3199999928474426","0.3199999928474426","311","311","311","1","1","1"
"6260000","312","312","312","0.1599999964237213","0.1599999964237213","0.1599999964237213","312","312","312","0.3199999928474426","0.3199999928474426","0.3199999928474426","312","312","312","1","1","1"
"6280000","313","313","313","0.11999999731779099","0.11999999731779099","0.11999999731779099","313","313","313","0.25999999046325684","0.25999999046325684","0.25999999046325684","313","313","313","1","1","1"
"6300000","314","314","314","0.14000000059604645","0.14000000059604645","0.14000000059604645","314","314","314","0.20000000298023224","0.20000000298023224","0.20000000298023224","314","314","314","1","1","1"
"6320000","315","315","315","0.14000000059604645","0.14000000059604645","0.14000000059604645","315","315","315","0.20000000298023224","0.20000000298023224","0.20000000298023224","315","315","315","1","1","1"
"6340000","316","316","316","0.05999999865889549","0.05999999865889549","0.05999999865889549","316","316","316","0.1599999964237213","0.1599999964237213","0.1599999964237213","316","316","316","1","1","1"
"6360000","317","317","317","0.11999999731779099","0.11999999731779099","0.11999999731779099","317","317","317","0.11999999731779099","0.11999999731779099","0.11999999731779099","317","317","317","1","1","1"
"6380000","318","318","318","0.1599999964237213","0.1599999964237213","0.1599999964237213","318","318","318","0.05999999865889549","0.05999999865889549","0.05999999865889549","318","318","318","1","1","1"
"6400000","319","319","319","0.1599999964237213","0.1599999964237213","0.1599999964237213","319","319","319","0.11999999731779099","0.11999999731779099","0.11999999731779099","319","319","319","1","1","1"
"6420000","320","320","320","0.10000000149011612","0.10000000149011612","0.10000000149011612","320","320","320","0.14000000059604645","0.14000000059604645","0.14000000059604645","320","320","320","1","1","1"
"6440000","321","321","321","0.07999999821186066","0.07999999821186066","0.07999999821186066","321","321","321","0.14000000059604645","0.14000000059604645","0.14000000059604645","321","321","321","1","1","1"
"6460000","322","322","322","0.14000000059604645","0.14000000059604645","0.14000000059604645","322","322","322","0.2199999988079071","0.2199999988079071","0.2199999988079071","322","322","322","1","1","1"
"6480000","323","323","323","0.14000000059604645","0.14000000059604645","0.14000000059604645","323","323","323","0.18000000715255737","0.18000000715255737","0.18000000715255737","323","323","323","1","1","1"
"6500000","324","324","324","0.11999999731779099","0.11999999731779099","0.11999999731779099","324","324","324","0.14000000059604645","0.14000000059604645","0.14000000059604645","324","324","324","1","1","1"
"6520000","325","325","325","0.11999999731779099","0.11999999731779099","0.11999999731779099","325","325","325","0.18000000715255737","0.18000000715255737","0.18000000715255737","325","325","325","1","1","1"
"6540000","326","326","326","0.11999999731779099","0.11999999731779099","0.11999999731779099","326","326","326","0.23999999463558197","0.23999999463558197","0.23999999463558197","326","326","326","1","1","1"
"6560000","327","327","327","0.18000000715255737","0.18000000715255737","0.18000000715255737","327","327","327","0.25999999046325684","0.25999999046325684","0.25999999046325684","327","327","327","1","1","1"
"6580000","328","328","328","0.14000000059604645","0.14000000059604645","0.14000000059604645","328","328","328","0.23999999463558197","0.23999999463558197","0.23999999463558197","328","328","328","1","1","1"
"6600000","329","329","329","0.11999999731779099","0.11999999731779099","0.11999999731779099","329","329","329","0.2199999988079071","0.2199999988079071","0.2199999988079071","329","329","329","1","1","1"
"6620000","330","330","330","0.11999999731779099","0.11999999731779099","0.11999999731779099","330","330","330","0.18000000715255737","0.18000000715255737","0.18000000715255737","330","330","330","1","1","1"
"6640000","331","331","331","0.10000000149011612","0.10000000149011612","0.10000000149011612","331","331","331","0.11999999731779099","0.11999999731779099","0.11999999731779099","331","331","331","1","1","1"
"6660000","332","332","332","0.11999999731779099","0.11999999731779099","0.11999999731779099","332","332","332","0.11999999731779099","0.11999999731779099","0.11999999731779099","332","332","332","1","1","1"
"6680000","333","333","333","0.14000000059604645","0.14000000059604645","0.14000000059604645","333","333","333","0.1599999964237213","0.1599999964237213","0.1599999964237213","333","333","333","1","1","1"
"6700000","334","334","334","0.2199999988079071","0.2199999988079071","0.2199999988079071","334","334","334","0.1599999964237213","0.1599999964237213","0.1599999964237213","334","334","334","1","1","1"
"6720000","335","335","335","0.20000000298023224","0.20000000298023224","0.20000000298023224","335","335","335","0.23999999463558197","0.23999999463558197","0.23999999463558197","335","335","335","1","1","1"
"6740000","336","336","336","0.10000000149011612","0.10000000149011612","0.10000000149011612","336","336","336","0.25999999046325684","0.25999999046325684","0.25999999046325684","336","336","336","1","1","1"
"6760000","337","337","337","0.18000000715255737","0.18000000715255737","0.18000000715255737","337","337","337","0.2800000011920929","0.2800000011920929","0.2800000011920929","337","337","337","1","1","1"
"6780000","338","338","338","0.2199999988079071","0.2199999988079071","0.2199999988079071","338","338","338","0.23999999463558197","0.23999999463558197","0.23999999463558197","338","338","338","1","1","1"
"6800000","339","339","339","0.2199999988079071","0.2199999988079071","0.2199999988079071","339","339","339","0.14000000059604645","0.14000000059604645","0.14000000059604645","339","339","339","1","1","1"
"6820000","340","340","340","0.20000000298023224","0.20000000298023224","0.20000000298023224","340","340","340","0.07999999821186066","0.07999999821186066","0.07999999821186066","340","340","340","1","1","1"
"6840000","341","341","341","0.07999999821186066","0.07999999821186066","0.07999999821186066","341","341","341","0.20000000298023224","0.20000000298023224","0.20000000298023224","341","341","341","1","1","1"
"6860000","342","342","342","0.05999999865889549","0.05999999865889549","0.05999999865889549","342","342","342","0.3199999928474426","0.3199999928474426","0.3199999928474426","342","342","342","1","1","1"
"6880000","343","343","343","0.11999999731779099","0.11999999731779099","0.11999999731779099","343","343","343","0.3199999928474426","0.3199999928474426","0.3199999928474426","343","343","343","1","1","1"
"6900000","344","344","344","0.20000000298023224","0.20000000298023224","0.20000000298023224","344","344","344","0.3199999928474426","0.3199999928474426","0.3199999928474426","344","344","344","1","1","1"
"6920000","345","345","345","0.1599999964237213","0.1599999964237213","0.1599999964237213","345","345","345","0.18000000715255737","0.18000000715255737","0.18000000715255737","345","345","345","1","1","1"
"6940000","346","346","346","0.07999999821186066","0.07999999821186066","0.07999999821186066","346","346","346","0.11999999731779099","0.11999999731779099","0.11999999731779099","346","346","346","1","1","1"
"6960000","347","347","347","0.07999999821186066","0.07999999821186066","0.07999999821186066","347","347","347","0.18000000715255737","0.18000000715255737","0.18000000715255737","347","347","347","1","1","1"
"6980000","348","348","348","0.05999999865889549","0.05999999865889549","0.05999999865889549","348","348","348","0.30000001192092896","0.30000001192092896","0.30000001192092896","348","348","348","1","1","1"
"7000000","349","349","349","0.07999999821186066","0.07999999821186066","0.07999999821186066","349","349","349","0.2800000011920929","0.2800000011920929","0.2800000011920929","349","349","349","1","1","1"
"7020000","350","350","350","0.05999999865889549","0.05999999865889549","0.05999999865889549","350","350","350","0.14000000059604645","0.14000000059604645","0.14000000059604645","350","350","350","1","1","1"
"7040000","351","351","351","0.03999999910593033","0.03999999910593033","0.03999999910593033","351","351","351","0.14000000059604645","0.14000000059604645","0.14000000059604645","351","351","351","1","1","1"
"7060000","352","352","352","0.03999999910593033","0.03999999910593033","0.03999999910593033","352","352","352","0.1599999964237213","0.1599999964237213","0.1599999964237213","352","352","352","1","1","1"
"7080000","353","353","353","0.07999999821186066","0.07999999821186066","0.07999999821186066","353","353","353","0.20000000298023224","0.20000000298023224","0.20000000298023224","353","353","353","1","1","1"
"7100000","354","354","354","0.05999999865889549","0.05999999865889549","0.05999999865889549","354","354","354","0.18000000715255737","0.18000000715255737","0.18000000715255737","354","354","354","1","1","1"
"7120000","355","355","355","0.20000000298023224","0.20000000298023224","0.20000000298023224","355","355","355","0.05999999865889549","0.05999999865889549","0.05999999865889549","355","355","355","1","1","1"
"7140000","356","356","356","0.20000000298023224","0.20000000298023224","0.20000000298023224","356","356","356","0.14000000059604645","0.14000000059604645","0.14000000059604645","356","356","356","1","1","1"
"7160000","357","357","357","0.07999999821186066","0.07999999821186066","0.07999999821186066","357","357","357","0.11999999731779099","0.11999999731779099","0.11999999731779099","357","357","357","1","1","1"
"7180000","358","358","358","0.10000000149011612","0.10000000149011612","0.10000000149011612","358","358","358","0.10000000149011612","0.10000000149011612","0.10000000149011612","358","358","358","1","1","1"
"7200000","359","359","359","0.05999999865889549","0.05999999865889549","0.05999999865889549","359","359","359","0.18000000715255737","0.18000000715255737","0.18000000715255737","359","359","359","1","1","1"
"7220000","360","360","360","0.07999999821186066","0.07999999821186066","0.07999999821186066","360","360","360","0.1599999964237213","0.1599999964237213","0.1599999964237213","360","360","360","1","1","1"
"7240000","361","361","361","0.10000000149011612","0.10000000149011612","0.10000000149011612","361","361","361","0.18000000715255737","0.18000000715255737","0.18000000715255737","361","361","361","1","1","1"
"7260000","362","362","362","0.05999999865889549","0.05999999865889549","0.05999999865889549","362","362","362","0.14000000059604645","0.14000000059604645","0.14000000059604645","362","362","362","1","1","1"
"7280000","363","363","363","0.10000000149011612","0.10000000149011612","0.10000000149011612","363","363","363","0.14000000059604645","0.14000000059604645","0.14000000059604645","363","363","363","1","1","1"
"7300000","364","364","364","0.10000000149011612","0.10000000149011612","0.10000000149011612","364","364","364","0.1599999964237213","0.1599999964237213","0.1599999964237213","364","364","364","1","1","1"
"7320000","365","365","365","0.07999999821186066","0.07999999821186066","0.07999999821186066","365","365","365","0.14000000059604645","0.14000000059604645","0.14000000059604645","365","365","365","1","1","1"
"7340000","366","366","366","0","0","0","366","366","366","0.11999999731779099","0.11999999731779099","0.11999999731779099","366","366","366","1","1","1"
"7360000","367","367","367","0.05999999865889549","0.05999999865889549","0.05999999865889549","367","367","367","0.07999999821186066","0.07999999821186066","0.07999999821186066","367","367","367","1","1","1"
"7380000","368","368","368","0.10000000149011612","0.10000000149011612","0.10000000149011612","368","368","368","0.10000000149011612","0.10000000149011612","0.10000000149011612","368","368","368","1","1","1"
"7400000","369","369","369","0.07999999821186066","0.07999999821186066","0.07999999821186066","369","369","369","0.18000000715255737","0.18000000715255737","0.18000000715255737","369","369","369","1","1","1"
"7420000","370","370","370","0.05999999865889549","0.05999999865889549","0.05999999865889549","370","370","370","0.23999999463558197","0.23999999463558197","0.23999999463558197","370","370","370","1","1","1"
"7440000","371","371","371","0.07999999821186066","0.07999999821186066","0.07999999821186066","371","371","371","0.2199999988079071","0.2199999988079071","0.2199999988079071","371","371","371","1","1","1"
"7460000","372","372","372","0.07999999821186066","0.07999999821186066","0.07999999821186066","372","372","372","0.20000000298023224","0.20000000298023224","0.20000000298023224","372","372","372","1","1","1"
"7480000","373","373","373","0.10000000149011612","0.10000000149011612","0.10000000149011612","373","373","373","0.14000000059604645","0.14000000059604645","0.14000000059604645","373","373","373","1","1","1"
"7500000","374","374","374","0.07999999821186066","0.07999999821186066","0.07999999821186066","374","374","374","0.07999999821186066","0.07999999821186066","0.07999999821186066","374","374","374","1","1","1"
"7520000","375","375","375","0.10000000149011612","0.10000000149011612","0.10000000149011612","375","375","375","0.03999999910593033","0.03999999910593033","0.03999999910593033","375","375","375","1","1","1"
"7540000","376","376","376","0.14000000059604645","0.14000000059604645","0.14000000059604645","376","376","376","0.05999999865889549","0.05999999865889549","0.05999999865889549","376","376","376","1","1","1"
"7560000","377","377","377","0.1599999964237213","0.1599999964237213","0.1599999964237213","377","377","377","0.03999999910593033","0.03999999910593033","0.03999999910593033","377","377","377","1","1","1"
"7580000","378","378","378","0.11999999731779099","0.11999999731779099","0.11999999731779099","378","378","378","0.07999999821186066","0.07999999821186066","0.07999999821186066","378","378","378","1","1","1"
"7600000","379","379","379","0.14000000059604645","0.14000000059604645","0.14000000059604645","379","379","379","0.07999999821186066","0.07999999821186066","0.07999999821186066","379","379","379","1","1","1"
"7620000","380","380","380","0.11999999731779099","0.11999999731779099","0.11999999731779099","380","380","380","0.05999999865889549","0.05999999865889549","0.05999999865889549","380","380","380","1","1","1"
"7640000","381","381","381","0.019999999552965164","0.019999999552965164","0.019999999552965164","381","381","381","0.11999999731779099","0.11999999731779099","0.11999999731779099","381","381","381","1","1","1"
"7660000","382","382","382","0.019999999552965164","0.019999999552965164","0.019999999552965164","382","382","382","0.20000000298023224","0.20000000298023224","0.20000000298023224","382","382","382","1","1","1"
"7680000","383","383","383","0","0","0","383","383","383","0.14000000059604645","0.14000000059604645","0.14000000059604645","383","383","383","1","1","1"
"7700000","384","384","384","0.019999999552965164","0.019999999552965164","0.019999999552965164","384","384","384","0.11999999731779099","0.11999999731779099","0.11999999731779099","384","384","384","1","1","1"
"7720000","385","385","385","0.05999999865889549","0.05999999865889549","0.05999999865889549","385","385","385","0.07999999821186066","0.07999999821186066","0.07999999821186066","385","385","385","1","1","1"
"7740000","386","386","386","0.05999999865889549","0.05999999865889549","0.05999999865889549","386","386","386","0.11999999731779099","0.11999999731779099","0.11999999731779099","386","386","386","1","1","1"
"7760000","387","387","387","0.07999999821186066","0.07999999821186066","0.07999999821186066","387","387","387","0.18000000715255737","0.18000000715255737","0.18000000715255737","387","387","387","1","1","1"
"7780000","388","388","388","0.11999999731779099","0.11999999731779099","0.11999999731779099","388","388","388","0.20000000298023224","0.20000000298023224","0.20000000298023224","388","388","388","1","1","1"
"7800000","389","389","389","0.11999999731779099","0.11999999731779099","0.11999999731779099","389","389","389","0.1599999964237213","0.1599999964237213","0.1599999964237213","389","389","389","1","1","1"
"7820000","390","390","390","0.07999999821186066","0.07999999821186066","0.07999999821186066","390","390","390","0.20000000298023224","0.20000000298023224","0.20000000298023224","390","390","390","1","1","1"
"7840000","391","391","391","0.10000000149011612","0.10000000149011612","0.10000000149011612","391","391","391","0.30000001192092896","0.30000001192092896","0.30000001192092896","391","391","391","1","1","1"
"7860000","392","392","392","0.10000000149011612","0.10000000149011612","0.10000000149011612","392","392","392","0.2800000011920929","0.2800000011920929","0.2800000011920929","392","392","392","1","1","1"
"7880000","393","393","393","0.05999999865889549","0.05999999865889549","0.05999999865889549","393","393","393","0.1599999964237213","0.1599999964237213","0.1599999964237213","393","393","393","1","1","1"
"7900000","394","394","394","0.05999999865889549","0.05999999865889549","0.05999999865889549","394","394","394","0.11999999731779099","0.11999999731779099","0.11999999731779099","394","394","394","1","1","1"
"7920000","395","395","395","0.10000000149011612","0.10000000149011612","0.10000000149011612","395","395","395","0.05999999865889549","0.05999999865889549","0.05999999865889549","395","395","395","1","1","1"
"7940000","396","396","396","0.05999999865889549","0.05999999865889549","0.05999999865889549","396","396","396","0.1599999964237213","0.1599999964237213","0.1599999964237213","396","396","396","1","1","1"
"7960000","397","397","397","0.05999999865889549","0.05999999865889549","0.05999999865889549","397","397","397","0.25999999046325684","0.25999999046325684","0.25999999046325684","397","397","397","1","1","1"
"7980000","398","398","398","0.03999999910593033","0.03999999910593033","0.03999999910593033","398","398","398","0.20000000298023224","0.20000000298023224","0.20000000298023224","398","398","398","1","1","1"
"8000000","399","399","399","0.03999999910593033","0.03999999910593033","0.03999999910593033","399","399","399","0.23999999463558197","0.23999999463558197","0.23999999463558197","399","399","399","1","1","1"
"8020000","400","400","400","0.05999999865889549","0.05999999865889549","0.05999999865889549","400","400","400","0.23999999463558197","0.23999999463558197","0.23999999463558197","400","400","400","1","1","1"
"8040000","401","401","401","0.10000000149011612","0.10000000149011612","0.10000000149011612","401","401","401","0.18000000715255737","0.18000000715255737","0.18000000715255737","401","401","401","1","1","1"
"8060000","402","402","402","0.05999999865889549","0.05999999865889549","0.05999999865889549","402","402","402","0.14000000059604645","0.14000000059604645","0.14000000059604645","402","402","402","1","1","1"
"8080000","403","403","403","0.03999999910593033","0.03999999910593033","0.03999999910593033","403","403","403","0.10000000149011612","0.10000000149011612","0.10000000149011612","403","403","403","1","1","1"
"8100000","404","404","404","0.019999999552965164","0.019999999552965164","0.019999999552965164","404","404","404","0.11999999731779099","0.11999999731779099","0.11999999731779099","404","404","404","1","1","1"
"8120000","405","405","405","0.07999999821186066","0.07999999821186066","0.07999999821186066","405","405","405","0.11999999731779099","0.11999999731779099","0.11999999731779099","405","405","405","1","1","1"
"8140000","406","406","406","0.14000000059604645","0.14000000059604645","0.14000000059604645","406","406","406","0.07999999821186066","0.07999999821186066","0.07999999821186066","406","406","406","1","1","1"
"8160000","407","407","407","0.10000000149011612","0.10000000149011612","0.10000000149011612","407","407","407","0.05999999865889549","0.05999999865889549","0.05999999865889549","407","407","407","1","1","1"
"8180000","408","408","408","0.03999999910593033","0.03999999910593033","0.03999999910593033","408","408","408","0.03999999910593033","0.03999999910593033","0.03999999910593033","408","408","408","1","1","1"
"8200000","409","409","409","0.019999999552965164","0.019999999552965164","0.019999999552965164","409","409","409","0.03999999910593033","0.03999999910593033","0.03999999910593033","409","409","409","1","1","1"
"8220000","410","410","410","0.03999999910593033","0.03999999910593033","0.03999999910593033","410","410","410","0.07999999821186066","0.07999999821186066","0.07999999821186066","410","410","410","1","1","1"
"8240000","411","411","411","0.07999999821186066","0.07999999821186066","0.07999999821186066","411","411","411","0.05999999865889549","0.05999999865889549","0.05999999865889549","411","411","411","1","1","1"
"8260000","412","412","412","0.05999999865889549","0.05999999865889549","0.05999999865889549","412","412","412","0.019999999552965164","0.019999999552965164","0.019999999552965164","412","412","412","1","1","1"
"8280000","413","413","413","0.07999999821186066","0.07999999821186066","0.07999999821186066","413","413","413","0.03999999910593033","0.03999999910593033","0.03999999910593033","413","413","413","1","1","1"
"8300000","414","414","414","0.05999999865889549","0.05999999865889549","0.05999999865889549","414","414","414","0.07999999821186066","0.07999999821186066","0.07999999821186066","414","414","414","1","1","1"
"8320000","415","415","415","0.05999999865889549","0.05999999865889549","0.05999999865889549","415","415","415","0.18000000715255737","0.18000000715255737","0.18000000715255737","415","415","415","1","1","1"
"8340000","416","416","416","0.10000000149011612","0.10000000149011612","0.10000000149011612","416","416","416","0.20000000298023224","0.20000000298023224","0.20000000298023224","416","416","416","1","1","1"
"8360000","417","417","417","0.05999999865889549","0.05999999865889549","0.05999999865889549","417","417","417","0.23999999463558197","0.23999999463558197","0.23999999463558197","417","417","417","1","1","1"
"8380000","418","418","418","0.019999999552965164","0.019999999552965164","0.019999999552965164","418","418","418","0.2199999988079071","0.2199999988079071","0.2199999988079071","418","418","418","1","1","1"
"8400000","419","419","419","0.019999999552965164","0.019999999552965164","0.019999999552965164","419","419","419","0.18000000715255737","0.18000000715255737","0.18000000715255737","419","419","419","1","1","1"
"8420000","420","420","420","0.019999999552965164","0.019999999552965164","0.019999999552965164","420","420","420","0.20000000298023224","0.20000000298023224","0.20000000298023224","420","420","420","1","1","1"
"8440000","421","421","421","0","0","0","421","421","421","0.14000000059604645","0.14000000059604645","0.14000000059604645","421","421","421","1","1","1"
"8460000","422","422","422","0.019999999552965164","0.019999999552965164","0.019999999552965164","422","422","422","0.10000000149011612","0.10000000149011612","0.10000000149011612","422","422","422","1","1","1"
"8480000","423","423","423","0.019999999552965164","0.019999999552965164","0.019999999552965164","423","423","423","0.14000000059604645","0.14000000059604645","0.14000000059604645","423","423","423","1","1","1"
"8500000","424","424","424","0","0","0","424","424","424","0.1599999964237213","0.1599999964237213","0.1599999964237213","424","424","424","1","1","1"
"8520000","425","425","425","0.019999999552965164","0.019999999552965164","0.019999999552965164","425","425","425","0.20000000298023224","0.20000000298023224","0.20000000298023224","425","425","425","1","1","1"
"8540000","426","426","426","0.019999999552965164","0.019999999552965164","0.019999999552965164","426","426","426","0.25999999046325684","0.25999999046325684","0.25999999046325684","426","426","426","1","1","1"
"8560000","427","427","427","0.03999999910593033","0.03999999910593033","0.03999999910593033","427","427","427","0.30000001192092896","0.30000001192092896","0.30000001192092896","427","427","427","1","1","1"
"8580000","428","428","428","0.019999999552965164","0.019999999552965164","0.019999999552965164","428","428","428","0.3199999928474426","0.3199999928474426","0.3199999928474426","428","428","428","1","1","1"
"8600000","429","429","429","0.019999999552965164","0.019999999552965164","0.019999999552965164","429","429","429","0.20000000298023224","0.20000000298023224","0.20000000298023224","429","429","429","1","1","1"
"8620000","430","430","430","0.019999999552965164","0.019999999552965164","0.019999999552965164","430","430","430","0.18000000715255737","0.18000000715255737","0.18000000715255737","430","430","430","1","1","1"
"8640000","431","431","431","0","0","0","431","431","431","0.11999999731779099","0.11999999731779099","0.11999999731779099","431","431","431","1","1","1"
"8660000","","","","","","","432","432","432","0.14000000059604645","0.14000000059604645","0.14000000059604645","432","432","432","1","1","1"
"8680000","","","","","","","433","433","433","0.10000000149011612","0.10000000149011612","0.10000000149011612","433","433","433","1","1","1"
"8700000","","","","","","","434","434","434","0.11999999731779099","0.11999999731779099","0.11999999731779099","434","434","434","1","1","1"
"8720000","","","","","","","435","435","435","0.10000000149011612","0.10000000149011612","0.10000000149011612","435","435","435","1","1","1"
"8740000","","","","","","","436","436","436","0.14000000059604645","0.14000000059604645","0.14000000059604645","436","436","436","1","1","1"
"8760000","","","","","","","437","437","437","0.20000000298023224","0.20000000298023224","0.20000000298023224","437","437","437","1","1","1"
"8780000","","","","","","","438","438","438","0.20000000298023224","0.20000000298023224","0.20000000298023224","438","438","438","1","1","1"
"8800000","","","","","","","439","439","439","0.14000000059604645","0.14000000059604645","0.14000000059604645","439","439","439","1","1","1"
"8820000","","","","","","","440","440","440","0.11999999731779099","0.11999999731779099","0.11999999731779099","440","440","440","1","1","1"
"8840000","","","","","","","441","441","441","0.14000000059604645","0.14000000059604645","0.14000000059604645","441","441","441","1","1","1"
"8860000","","","","","","","442","442","442","0.10000000149011612","0.10000000149011612","0.10000000149011612","442","442","442","1","1","1"
"8880000","","","","","","","443","443","443","0.10000000149011612","0.10000000149011612","0.10000000149011612","443","443","443","1","1","1"
"8900000","","","","","","","444","444","444","0.10000000149011612","0.10000000149011612","0.10000000149011612","444","444","444","1","1","1"
"8920000","","","","","","","445","445","445","0.05999999865889549","0.05999999865889549","0.05999999865889549","445","445","445","1","1","1"
"8940000","","","","","","","446","446","446","0.11999999731779099","0.11999999731779099","0.11999999731779099","446","446","446","1","1","1"
"8960000","","","","","","","447","447","447","0.11999999731779099","0.11999999731779099","0.11999999731779099","447","447","447","1","1","1"
"8980000","","","","","","","448","448","448","0.14000000059604645","0.14000000059604645","0.14000000059604645","448","448","448","1","1","1"
"9000000","","","","","","","449","449","449","0.03999999910593033","0.03999999910593033","0.03999999910593033","449","449","449","1","1","1"
"9020000","","","","","","","450","450","450","0.07999999821186066","0.07999999821186066","0.07999999821186066","450","450","450","1","1","1"
"9040000","","","","","","","451","451","451","0.1599999964237213","0.1599999964237213","0.1599999964237213","451","451","451","1","1","1"
"9060000","","","","","","","452","452","452","0.14000000059604645","0.14000000059604645","0.14000000059604645","452","452","452","1","1","1"
"9080000","","","","","","","453","453","453","0.11999999731779099","0.11999999731779099","0.11999999731779099","453","453","453","1","1","1"
"9100000","","","","","","","454","454","454","0.07999999821186066","0.07999999821186066","0.07999999821186066","454","454","454","1","1","1"
"9120000","","","","","","","455","455","455","0.07999999821186066","0.07999999821186066","0.07999999821186066","455","455","455","1","1","1"
"9140000","","","","","","","456","456","456","0.07999999821186066","0.07999999821186066","0.07999999821186066","456","456","456","1","1","1"
"9160000","","","","","","","457","457","457","0.07999999821186066","0.07999999821186066","0.07999999821186066","457","457","457","1","1","1"
"9180000","","","","","","","458","458","458","0.07999999821186066","0.07999999821186066","0.07999999821186066","458","458","458","1","1","1"
"9200000","","","","","","","459","459","459","0.11999999731779099","0.11999999731779099","0.11999999731779099","459","459","459","1","1","1"
"9220000","","","","","","","460","460","460","0.07999999821186066","0.07999999821186066","0.07999999821186066","460","460","460","1","1","1"
"9240000","","","","","","","461","461","461","0.14000000059604645","0.14000000059604645","0.14000000059604645","461","461","461","1","1","1"
"9260000","","","","","","","462","462","462","0.11999999731779099","0.11999999731779099","0.11999999731779099","462","462","462","1","1","1"
"9280000","","","","","","","463","463","463","0.1599999964237213","0.1599999964237213","0.1599999964237213","463","463","463","1","1","1"
"9300000","","","","","","","464","464","464","0.10000000149011612","0.10000000149011612","0.10000000149011612","464","464","464","1","1","1"
"9320000","","","","","","","465","465","465","0.11999999731779099","0.11999999731779099","0.11999999731779099","465","465","465","1","1","1"
"9340000","","","","","","","466","466","466","0.1599999964237213","0.1599999964237213","0.1599999964237213","466","466","466","1","1","1"
"9360000","","","","","","","467","467","467","0.18000000715255737","0.18000000715255737","0.18000000715255737","467","467","467","1","1","1"
"9380000","","","","","","","468","468","468","0.10000000149011612","0.10000000149011612","0.10000000149011612","468","468","468","1","1","1"
"9400000","","","","","","","469","469","469","0.14000000059604645","0.14000000059604645","0.14000000059604645","469","469","469","1","1","1"
"9420000","","","","","","","470","470","470","0.07999999821186066","0.07999999821186066","0.07999999821186066","470","470","470","1","1","1"
"9440000","","","","","","","471","471","471","0.10000000149011612","0.10000000149011612","0.10000000149011612","471","471","471","1","1","1"
"9460000","","","","","","","472","472","472","0.10000000149011612","0.10000000149011612","0.10000000149011612","472","472","472","1","1","1"
"9480000","","","","","","","473","473","473","0.07999999821186066","0.07999999821186066","0.07999999821186066","473","473","473","1","1","1"
"9500000","","","","","","","474","474","474","0.05999999865889549","0.05999999865889549","0.05999999865889549","474","474","474","1","1","1"
"9520000","","","","","","","475","475","475","0.019999999552965164","0.019999999552965164","0.019999999552965164","475","475","475","1","1","1"
"9540000","","","","","","","476","476","476","0","0","0","476","476","476","1","1","1"
"9560000","","","","","","","477","477","477","0.03999999910593033","0.03999999910593033","0.03999999910593033","477","477","477","1","1","1"
"9580000","","","","","","","478","478","478","0.05999999865889549","0.05999999865889549","0.05999999865889549","478","478","478","1","1","1"
"9600000","","","","","","","479","479","479","0.10000000149011612","0.10000000149011612","0.10000000149011612","479","479","479","1","1","1"
"9620000","","","","","","","480","480","480","0.10000000149011612","0.10000000149011612","0.10000000149011612","480","480","480","1","1","1"
"9640000","","","","","","","481","481","481","0.18000000715255737","0.18000000715255737","0.18000000715255737","481","481","481","1","1","1"
"9660000","","","","","","","482","482","482","0.20000000298023224","0.20000000298023224","0.20000000298023224","482","482","482","1","1","1"
"9680000","","","","","","","483","483","483","0.11999999731779099","0.11999999731779099","0.11999999731779099","483","483","483","1","1","1"
"9700000","","","","","","","484","484","484","0.07999999821186066","0.07999999821186066","0.07999999821186066","484","484","484","1","1","1"
"9720000","","","","","","","485","485","485","0.05999999865889549","0.05999999865889549","0.05999999865889549","485","485","485","1","1","1"
"9740000","","","","","","","486","486","486","0.03999999910593033","0.03999999910593033","0.03999999910593033","486","486","486","1","1","1"
"9760000","","","","","","","487","487","487","0.10000000149011612","0.10000000149011612","0.10000000149011612","487","487","487","1","1","1"
"9780000","","","","","","","488","488","488","0.1599999964237213","0.1599999964237213","0.1599999964237213","488","488","488","1","1","1"
"9800000","","","","","","","489","489","489","0.14000000059604645","0.14000000059604645","0.14000000059604645","489","489","489","1","1","1"
"9820000","","","","","","","490","490","490","0.14000000059604645","0.14000000059604645","0.14000000059604645","490","490","490","1","1","1"
"9840000","","","","","","","491","491","491","0.10000000149011612","0.10000000149011612","0.10000000149011612","491","491","491","1","1","1"
"9860000","","","","","","","492","492","492","0.07999999821186066","0.07999999821186066","0.07999999821186066","492","492","492","1","1","1"
"9880000","","","","","","","493","493","493","0.07999999821186066","0.07999999821186066","0.07999999821186066","493","493","493","1","1","1"
"9900000","","","","","","","494","494","494","0.11999999731779099","0.11999999731779099","0.11999999731779099","494","494","494","1","1","1"
"9920000","","","","","","","495","495","495","0.18000000715255737","0.18000000715255737","0.18000000715255737","495","495","495","1","1","1"
"9940000","","","","","","","496","496","496","0.11999999731779099","0.11999999731779099","0.11999999731779099","496","496","496","1","1","1"
"9960000","","","","","","","497","497","497","0.11999999731779099","0.11999999731779099","0.11999999731779099","497","497","497","1","1","1"
"9980000","","","","","","","498","498","498","0.05999999865889549","0.05999999865889549","0.05999999865889549","498","498","498","1","1","1"
"10000000","","","","","","","499","499","499","0.03999999910593033","0.03999999910593033","0.03999999910593033","499","499","499","1","1","1"